Polymer_SMILES,Enzyme_Sequence,Biodegradation_Score
C(C)CC(=O)O.C(CC)CC(=O)O,MMSSQTTQSSKFSLFLKRGLLLAAAPLLAM...,17.06658172607422
C(C)CC(=O)O,MKFFALTTLLAATDSALPTSHPVQELEARQ...,15.38331413269043
C(C)CC(=O)O,MKHPYGYRWHWLYALVVTLMTALATFSAHA...,15.372952461242676
C(C)CC(=O)O,MMSSQTTQSSKFSLFLKRGLLLAAAPLLAM...,15.349355697631836
CCOC(=O)C(C)CC(=O)O,MQLKKSLRVTIAVLLGAGVSASAFALTPGS...,15.199199676513672
CCOC(=O)C(C)CC(=O)O,MLAKQIKKANSRSTLLRKSLLFAAPIILAV...,9.890953063964844
C(C)CC(=O)O,MMSSQTTQSSKFSLFLKRGLLLAAAPLLAM...,8.917335510253906
C(C)CC(=O)O,MQQNIERNQVSMTTSRFVWGAVMALVALGS...,8.915616989135742
C(C)CC(=O)O,MPLRTLLCGLLLAVCLGQHALAASRCSERP...,8.793303489685059
C(C)CC(=O)O,MRNTLKAAFKLGVISAALLAPFATQAATAG...,8.584012031555176
C(C)CC(=O)O,MAFNFIRAAAAGAAMALCGVGSVHAAVNLP...,8.489313125610352
CC(C)OC(=O)O,MMSSQTTQSSKFSLFLKRGLLLAAAPLLAM...,8.442811965942383
C(C)CC(=O)O,MQLKKSLRVTIAVLLGAGVSASAFALTPGS...,8.280959129333496
OC1C(CO)OC(C(N)C1(O)),MMSSQTTQSSKFSLFLKRGLLLAAAPLLAM...,8.237441062927246
C(=O)/C=C\C(=O)OCCO,MQQNIERNQVSMTTSRFVWGAVMALVALGS...,8.081476211547852
C(C)CC(=O)O.C(CC)CC(=O)O,MPLRTLLCGLLLAVCLGQHALAASRCSERP...,7.870494842529297
C(C)CC(=O)O.C(CC)CC(=O)O,MMSSQTTQSSKFSLFLKRGLLLAAAPLLAM...,7.6736626625061035
OC(=O)C(C),MQLKKSLRVTIAVLLGAGVSASAFALTPGS...,7.635208606719971
CC(C)O,MLAKQIKKANSRSTLLRKSLLFAAPIILAV...,7.53759241104126
OC(=O)C(C),MPLRTLLCGLLLAVCLGQHALAASRCSERP...,7.52003812789917
C(C)CC(=O)O.C(CC)CC(=O)O,MNKYLKNLCFAAATVTLMASAPSAFALSEV...,7.4312214851379395
CC(C)O,MNKYLKNLCFAAATVTLMASAPSAFALSEV...,7.422616004943848
CC(C)O,MAFNFIRAAAAGAAMALCGVGSVHAAVNLP...,7.407174110412598
CC(C)O,MPLRTLLCGLLLAVCLGQHALAASRCSERP...,7.315229892730713
OC1C(CO)OC(C(N)C1(O)),MQQNIERNQVSMTTSRFVWGAVMALVALGS...,7.295678615570068
CC(O),MLAKQIKKANSRSTLLRKSLLFAAPIILAV...,7.130937099456787
CCO,MLAKQIKKANSRSTLLRKSLLFAAPIILAV...,7.130937099456787
OC1C(CO)OC(C(N)C1(O)),MQLKKSLRVTIAVLLGAGVSASAFALTPGS...,7.091672420501709
CC(O),MQQNIERNQVSMTTSRFVWGAVMALVALGS...,7.036890506744385
CCO,MQQNIERNQVSMTTSRFVWGAVMALVALGS...,7.036890506744385
CC(C)OC(=O)O,MKHPYGYRWHWLYALVVTLMTALATFSAHA...,7.004366397857666
CCO,MQLKKSLRVTIAVLLGAGVSASAFALTPGS...,6.945500373840332
CC(O),MQLKKSLRVTIAVLLGAGVSASAFALTPGS...,6.945500373840332
C(C)CC(=O)O.C(CC)CC(=O)O,MLAKQIKKANSRSTLLRKSLLFAAPIILAV...,6.929205417633057
CC(O),MKHPYGYRWHWLYALVVTLMTALATFSAHA...,6.927626609802246
CCO,MKHPYGYRWHWLYALVVTLMTALATFSAHA...,6.927626609802246
C(=O)/C=C\C(=O)OCCO,MAFNFIRAAAAGAAMALCGVGSVHAAVNLP...,6.683019161224365
C(C)CC(=O)O,MRNTLKAAFKLGVISAALLAPFATQAATAG...,6.561038494110107
OC(=O)C(C),MQLKKSLRVTIAVLLGAGVSASAFALTPGS...,6.523400783538818
CCOC(=O)C(C)CC(=O)O,MRNTLKAAFKLGVISAALLAPFATQAATAG...,6.42047643661499
OC(=O)C(C),MNKYLKNLCFAAATVTLMASAPSAFALSEV...,6.3891167640686035
OC1C(CO)OC(C(N)C1(O)),MPLRTLLCGLLLAVCLGQHALAASRCSERP...,6.382497310638428
CC(C)OC(=O)O,MAFNFIRAAAAGAAMALCGVGSVHAAVNLP...,6.2681498527526855
C(C)CC(=O)O,MTSRPMRSLVIAFLTLVAAAAPALAGAGAW...,6.213329792022705
C(C)CC(=O)O,MNKYLKNLCFAAATVTLMASAPSAFALSEV...,6.2098541259765625
CCOC(=O)C(C)CC(=O)O,MMSSQTTQSSKFSLFLKRGLLLAAAPLLAM...,6.165797710418701
C(C)CC(=O)O.C(CC)CC(=O)O,MAFNFIRAAAAGAAMALCGVGSVHAAVNLP...,6.16042947769165
CCOC(=O)C(C)CC(=O)O,MAFNFIRAAAAGAAMALCGVGSVHAAVNLP...,6.1212992668151855
CC(C)OC(=O)O,MPLRTLLCGLLLAVCLGQHALAASRCSERP...,6.113585472106934
CC(C)OC(=O)O,MLAKQIKKANSRSTLLRKSLLFAAPIILAV...,6.073606014251709
C(C)CC(=O)O.C(CC)CC(=O)O,MLAKQIKKANSRSTLLRKSLLFAAPIILAV...,6.053473949432373
C(C)CC(=O)O.C(CC)CC(=O)O,MKHPYGYRWHWLYALVVTLMTALATFSAHA...,5.91739559173584
CC(C)OC(=O)O,MQLKKSLRVTIAVLLGAGVSASAFALTPGS...,5.861331462860107
CCOC(=O)C(C)CC(=O)O,MMSSQTTQSSKFSLFLKRGLLLAAAPLLAM...,5.824136257171631
C(C)CC(=O)O,MLAKQIKKANSRSTLLRKSLLFAAPIILAV...,5.7938079833984375
C(C)CC(=O)O,MNKYLKNLCFAAATVTLMASAPSAFALSEV...,5.776451587677002
OC1C(CO)OC(C(N)C1(O)),MNKYLKNLCFAAATVTLMASAPSAFALSEV...,5.73246955871582
OC1C(CO)OC(C(N)C1(O)),MLAKQIKKANSRSTLLRKSLLFAAPIILAV...,5.680673122406006
OC(=O)C(C),MQQNIERNQVSMTTSRFVWGAVMALVALGS...,5.668336868286133
CCOC(=O)C(C)CC(=O)O,MKHPYGYRWHWLYALVVTLMTALATFSAHA...,5.633126735687256
C(=O)/C=C\C(=O)OCCO,MRNTLKAAFKLGVISAALLAPFATQAATAG...,5.558679103851318
C(C)CC(=O)O.C(CC)CC(=O)O,MPLRTLLCGLLLAVCLGQHALAASRCSERP...,5.541290760040283
C(C)CC(=O)O.C(CC)CC(=O)O,MNKYLKNLCFAAATVTLMASAPSAFALSEV...,5.532055377960205
CCOC(=O)C(C)CC(=O)O,MRNTLKAAFKLGVISAALLAPFATQAATAG...,5.50673246383667
C(=O)/C=C\C(=O)OCCO,MQLKKSLRVTIAVLLGAGVSASAFALTPGS...,5.494560718536377
CCOC(=O)C(C)CC(=O)O,MTSRPMRSLVIAFLTLVAAAAPALAGAGAW...,5.46091890335083
CC(C)OC(=O)O,MNKYLKNLCFAAATVTLMASAPSAFALSEV...,5.379795551300049
OC(=O)C(C),MAFNFIRAAAAGAAMALCGVGSVHAAVNLP...,5.3750996589660645
OC(=O)C(C),MKHPYGYRWHWLYALVVTLMTALATFSAHA...,5.317389965057373
OC(=O)C(C),MTSRPMRSLVIAFLTLVAAAAPALAGAGAW...,5.293915271759033
CCOC(=O)C(C)CC(=O)O,MQLKKSLRVTIAVLLGAGVSASAFALTPGS...,5.223814964294434
C(=O)/C=C\C(=O)OCCO,MQLKKSLRVTIAVLLGAGVSASAFALTPGS...,5.066098690032959
C(=O)/C=C\C(=O)OCCO,MMSSQTTQSSKFSLFLKRGLLLAAAPLLAM...,5.063679218292236
C(C)CC(=O)O,MPLRTLLCGLLLAVCLGQHALAASRCSERP...,5.037272930145264
C(C)CC(=O)O,MQLKKSLRVTIAVLLGAGVSASAFALTPGS...,5.006006717681885
C(=O)/C=C\C(=O)OCCO,MPLRTLLCGLLLAVCLGQHALAASRCSERP...,4.9960808753967285
C(=O)/C=C\C(=O)OCCO,MKHPYGYRWHWLYALVVTLMTALATFSAHA...,4.9871039390563965
C(C)CC(=O)O,MAFNFIRAAAAGAAMALCGVGSVHAAVNLP...,4.960074424743652
CCOC(=O)C(C)CC(=O)O,MKFFALTTLLAATASALPTSHPVQELEARQ...,4.911216735839844
CC(C)OC(=O)O,MKFFALTTLLAATDSALPTSHPVQELEARQ...,4.816216945648193
CCOC(=O)C(C)CC(=O)O,MAFNFIRAAAAGAAMALCGVGSVHAAVNLP...,4.671295642852783
OC1C(CO)OC(C(N)C1(O)),MKHPYGYRWHWLYALVVTLMTALATFSAHA...,4.634984970092773
CC(C)OC(=O)O,MAFNFIRAAAAGAAMALCGVGSVHAAVNLP...,4.4583821296691895
OC(=O)C(C),MLAKQIKKANSRSTLLRKSLLFAAPIILAV...,4.415190696716309
OC1C(CO)OC(C(N)C1(O)),MPLRTLLCGLLLAVCLGQHALAASRCSERP...,4.3737664222717285
CC(C)OC(=O)O,MPLRTLLCGLLLAVCLGQHALAASRCSERP...,4.255131244659424
CC(C)OC(=O)O,MKFFALTTLLAATASALPTSHPVQELEARQ...,4.173336505889893
C(C)CC(=O)O.C(CC)CC(=O)O,MQQNIERNQVSMTTSRFVWGAVMALVALGS...,4.168531894683838
OC1C(CO)OC(C(N)C1(O)),MQLKKSLRVTIAVLLGAGVSASAFALTPGS...,4.154255390167236
C(C)CC(=O)O.C(CC)CC(=O)O,MKHPYGYRWHWLYALVVTLMTALATFSAHA...,4.13094425201416
C(=O)/C=C\C(=O)OCCO,MKFFALTTLLAATASALPTSHPVQELEARQ...,4.111403942108154
CCOC(=O)C(C)CC(=O)O,MNKYLKNLCFAAATVTLMASAPSAFALSEV...,4.018126964569092
C(C)CC(=O)O.C(CC)CC(=O)O,MRNTLKAAFKLGVISAALLAPFATQAATAG...,3.9365296363830566
CCOC(=O)C(C)CC(=O)O,MPLRTLLCGLLLAVCLGQHALAASRCSERP...,3.919018268585205
OC1C(CO)OC(C(N)C1(O)),MLAKQIKKANSRSTLLRKSLLFAAPIILAV...,3.907778739929199
OC(=O)C(C),MRNTLKAAFKLGVISAALLAPFATQAATAG...,3.8476333618164062
CC(C)O,MQLKKSLRVTIAVLLGAGVSASAFALTPGS...,3.8220109939575195
OC1C(CO)OC(C(N)C1(O)),MAFNFIRAAAAGAAMALCGVGSVHAAVNLP...,3.78048038482666
OC1C(CO)OC(C(N)C1(O)),MKFFALTTLLAATASALPTSHPVQELEARQ...,3.779527187347412
CC(C)O,MRNTLKAAFKLGVISAALLAPFATQAATAG...,3.7703022956848145
CCOC(=O)C(C)CC(=O)O,MNKYLKNLCFAAATVTLMASAPSAFALSEV...,3.7632861137390137
OC(=O)C(C),MMSSQTTQSSKFSLFLKRGLLLAAAPLLAM...,3.7580552101135254
CC(C)O,MKHPYGYRWHWLYALVVTLMTALATFSAHA...,3.7251052856445312
CC(O),MPLRTLLCGLLLAVCLGQHALAASRCSERP...,3.694758415222168
CCO,MPLRTLLCGLLLAVCLGQHALAASRCSERP...,3.694758415222168
CC(O),MKHPYGYRWHWLYALVVTLMTALATFSAHA...,3.6587882041931152
CCO,MKHPYGYRWHWLYALVVTLMTALATFSAHA...,3.6587882041931152
CC(C)OC(=O)O,MNKYLKNLCFAAATVTLMASAPSAFALSEV...,3.654223918914795
CCO,MRNTLKAAFKLGVISAALLAPFATQAATAG...,3.6517691612243652
CC(O),MRNTLKAAFKLGVISAALLAPFATQAATAG...,3.6517691612243652
CC(C)O,MQQNIERNQVSMTTSRFVWGAVMALVALGS...,3.645691394805908
CC(C)OC(=O)O,MLAKQIKKANSRSTLLRKSLLFAAPIILAV...,3.6334915161132812
OC(=O)C(C),MRNTLKAAFKLGVISAALLAPFATQAATAG...,3.6271724700927734
CC(C)O,MKFFALTTLLAATDSALPTSHPVQELEARQ...,3.6114354133605957
CCO,MQLKKSLRVTIAVLLGAGVSASAFALTPGS...,3.590541362762451
CC(O),MQLKKSLRVTIAVLLGAGVSASAFALTPGS...,3.590541362762451
CC(O),MAFNFIRAAAAGAAMALCGVGSVHAAVNLP...,3.577439308166504
CCO,MAFNFIRAAAAGAAMALCGVGSVHAAVNLP...,3.577439308166504
CC(C)OC(=O)O,MMSSQTTQSSKFSLFLKRGLLLAAAPLLAM...,3.5669493675231934
CCOC(=O)C(C)CC(=O)O,MPLRTLLCGLLLAVCLGQHALAASRCSERP...,3.5289855003356934
OC(=O)C(C),MKFFALTTLLAATDSALPTSHPVQELEARQ...,3.5108985900878906
CC(C)O,MLAKQIKKANSRSTLLRKSLLFAAPIILAV...,3.508411407470703
CC(C)O,MQLKKSLRVTIAVLLGAGVSASAFALTPGS...,3.508204460144043
CCOC(=O)C(C)CC(=O)O,MQQNIERNQVSMTTSRFVWGAVMALVALGS...,3.4864182472229004
CC(O),MMSSQTTQSSKFSLFLKRGLLLAAAPLLAM...,3.476083755493164
CCO,MMSSQTTQSSKFSLFLKRGLLLAAAPLLAM...,3.476083755493164
C(=O)/C=C\C(=O)OCCO,MAFNFIRAAAAGAAMALCGVGSVHAAVNLP...,3.4731802940368652
CC(O),MNKYLKNLCFAAATVTLMASAPSAFALSEV...,3.4507126808166504
CCO,MNKYLKNLCFAAATVTLMASAPSAFALSEV...,3.4507126808166504
CC(C)O,MKHPYGYRWHWLYALVVTLMTALATFSAHA...,3.4480624198913574
CC(C)OC(=O)O,MRNTLKAAFKLGVISAALLAPFATQAATAG...,3.4174914360046387
CC(O),MKFFALTTLLAATDSALPTSHPVQELEARQ...,3.4006662368774414
CCO,MKFFALTTLLAATDSALPTSHPVQELEARQ...,3.4006662368774414
CCOC(=O)C(C)CC(=O)O,MKFFALTTLLAATDSALPTSHPVQELEARQ...,3.302525520324707
OC(=O)C(C),MPLRTLLCGLLLAVCLGQHALAASRCSERP...,3.2941341400146484
C(=O)/C=C\C(=O)OCCO,MKHPYGYRWHWLYALVVTLMTALATFSAHA...,3.2725729942321777
OC1C(CO)OC(C(N)C1(O)),MKHPYGYRWHWLYALVVTLMTALATFSAHA...,3.2678985595703125
C(C)CC(=O)O.C(CC)CC(=O)O,MQLKKSLRVTIAVLLGAGVSASAFALTPGS...,3.243943691253662
CC(C)OC(=O)O,MKHPYGYRWHWLYALVVTLMTALATFSAHA...,3.2410764694213867
C(=O)/C=C\C(=O)OCCO,MTSRPMRSLVIAFLTLVAAAAPALAGAGAW...,3.1933393478393555
C(C)CC(=O)O.C(CC)CC(=O)O,MKFFALTTLLAATASALPTSHPVQELEARQ...,3.190000534057617
OC(=O)C(C),MKHPYGYRWHWLYALVVTLMTALATFSAHA...,3.1883888244628906
CC(C)OC(=O)O,MTSRPMRSLVIAFLTLVAAAAPALAGAGAW...,3.1880674362182617
OC1C(CO)OC(C(N)C1(O)),MNKYLKNLCFAAATVTLMASAPSAFALSEV...,3.1540260314941406
C(=O)/C=C\C(=O)OCCO,MKFFALTTLLAATDSALPTSHPVQELEARQ...,3.094771385192871
OC1C(CO)OC(C(N)C1(O)),MTSRPMRSLVIAFLTLVAAAAPALAGAGAW...,3.061999797821045
OC1C(CO)OC(C(N)C1(O)),MKFFALTTLLAATDSALPTSHPVQELEARQ...,3.051809310913086
OC(=O)C(C),MAFNFIRAAAAGAAMALCGVGSVHAAVNLP...,3.04958438873291
OC(=O)C(C),MKFFALTTLLAATASALPTSHPVQELEARQ...,2.9788875579833984
C(C)CC(=O)O.C(CC)CC(=O)O,MKFFALTTLLAATDSALPTSHPVQELEARQ...,2.953336238861084
OC1C(CO)OC(C(N)C1(O)),MMSSQTTQSSKFSLFLKRGLLLAAAPLLAM...,2.944265842437744
CCOC(=O)C(C)CC(=O)O,MLAKQIKKANSRSTLLRKSLLFAAPIILAV...,2.928624391555786
C(C)CC(=O)O.C(CC)CC(=O)O,MRNTLKAAFKLGVISAALLAPFATQAATAG...,2.9189043045043945
OC1C(CO)OC(C(N)C1(O)),MAFNFIRAAAAGAAMALCGVGSVHAAVNLP...,2.8905210494995117
C(=O)/C=C\C(=O)OCCO,MLAKQIKKANSRSTLLRKSLLFAAPIILAV...,2.865363836288452
CC(C)O,MAFNFIRAAAAGAAMALCGVGSVHAAVNLP...,2.8130788803100586
CC(C)O,MPLRTLLCGLLLAVCLGQHALAASRCSERP...,2.8047499656677246
CC(C)O,MNKYLKNLCFAAATVTLMASAPSAFALSEV...,2.7917747497558594
CC(O),MRNTLKAAFKLGVISAALLAPFATQAATAG...,2.785217046737671
CCO,MRNTLKAAFKLGVISAALLAPFATQAATAG...,2.785217046737671
CC(C)O,MMSSQTTQSSKFSLFLKRGLLLAAAPLLAM...,2.7842421531677246
CC(O),MKFFALTTLLAATASALPTSHPVQELEARQ...,2.7809290885925293
CCO,MKFFALTTLLAATASALPTSHPVQELEARQ...,2.7809290885925293
CCO,MMSSQTTQSSKFSLFLKRGLLLAAAPLLAM...,2.7758049964904785
CC(O),MMSSQTTQSSKFSLFLKRGLLLAAAPLLAM...,2.7758049964904785
C(=O)/C=C\C(=O)OCCO,MPLRTLLCGLLLAVCLGQHALAASRCSERP...,2.7742395401000977
CCO,MTSRPMRSLVIAFLTLVAAAAPALAGAGAW...,2.7636513710021973
CC(O),MTSRPMRSLVIAFLTLVAAAAPALAGAGAW...,2.7636513710021973
OC(=O)C(C),MLAKQIKKANSRSTLLRKSLLFAAPIILAV...,2.7297496795654297
C(=O)/C=C\C(=O)OCCO,MNKYLKNLCFAAATVTLMASAPSAFALSEV...,2.696153163909912
C(=O)/C=C\C(=O)OCCO,MMSSQTTQSSKFSLFLKRGLLLAAAPLLAM...,2.6698408126831055
OC(=O)C(C),MMSSQTTQSSKFSLFLKRGLLLAAAPLLAM...,2.66257905960083
C(C)CC(=O)O,MKHPYGYRWHWLYALVVTLMTALATFSAHA...,2.63222074508667
CC(C)OC(=O)O,MRNTLKAAFKLGVISAALLAPFATQAATAG...,2.631985664367676
C(C)CC(=O)O,MLAKQIKKANSRSTLLRKSLLFAAPIILAV...,2.596301317214966
C(C)CC(=O)O,MKFFALTTLLAATASALPTSHPVQELEARQ...,2.564833164215088
OC1C(CO)OC(C(N)C1(O)),MRNTLKAAFKLGVISAALLAPFATQAATAG...,2.5171170234680176
C(C)CC(=O)O.C(CC)CC(=O)O,MTSRPMRSLVIAFLTLVAAAAPALAGAGAW...,2.498537540435791
OC1C(CO)OC(C(N)C1(O)),MRNTLKAAFKLGVISAALLAPFATQAATAG...,2.457871913909912
C(=O)/C=C\C(=O)OCCO,MLAKQIKKANSRSTLLRKSLLFAAPIILAV...,2.4309802055358887
CC(C)O,MRNTLKAAFKLGVISAALLAPFATQAATAG...,2.427743434906006
CCOC(=O)C(C)CC(=O)O,MKHPYGYRWHWLYALVVTLMTALATFSAHA...,2.4002628326416016
CC(O),MPLRTLLCGLLLAVCLGQHALAASRCSERP...,2.369255542755127
CCO,MPLRTLLCGLLLAVCLGQHALAASRCSERP...,2.369255542755127
C(=O)/C=C\C(=O)OCCO,MRNTLKAAFKLGVISAALLAPFATQAATAG...,2.3648853302001953
CC(O),MLAKQIKKANSRSTLLRKSLLFAAPIILAV...,2.363521099090576
CCO,MLAKQIKKANSRSTLLRKSLLFAAPIILAV...,2.363521099090576
CCO,MAFNFIRAAAAGAAMALCGVGSVHAAVNLP...,2.360290050506592
CC(O),MAFNFIRAAAAGAAMALCGVGSVHAAVNLP...,2.360290050506592
CC(O),MNKYLKNLCFAAATVTLMASAPSAFALSEV...,2.3504691123962402
CCO,MNKYLKNLCFAAATVTLMASAPSAFALSEV...,2.3504691123962402
C(=O)/C=C\C(=O)OCCO,MNKYLKNLCFAAATVTLMASAPSAFALSEV...,2.3370895385742188
CC(C)O,MKFFALTTLLAATASALPTSHPVQELEARQ...,2.325892210006714
CC(C)O,MMSSQTTQSSKFSLFLKRGLLLAAAPLLAM...,2.324251174926758
CC(C)O,MTSRPMRSLVIAFLTLVAAAAPALAGAGAW...,2.292247772216797
OC(=O)C(C),MNKYLKNLCFAAATVTLMASAPSAFALSEV...,2.2848410606384277
C(C)CC(=O)O.C(CC)CC(=O)O,MQLKKSLRVTIAVLLGAGVSASAFALTPGS...,2.2608590126037598
C(C)CC(=O)O.C(CC)CC(=O)O,MAFNFIRAAAAGAAMALCGVGSVHAAVNLP...,2.2036657333374023
CC(C)OC(=O)O,MQLKKSLRVTIAVLLGAGVSASAFALTPGS...,2.1823177337646484
CC(C)OC(=O)O,MQQNIERNQVSMTTSRFVWGAVMALVALGS...,2.0716910362243652
